,이름,채널ID,동영상ID,조회수,좋아요수,댓글수
0,쯔양,UCfpaSruWW3S4dibonKXENjA,yzsrWBp3nFo,674190,23776,680
1,쯔양,UCfpaSruWW3S4dibonKXENjA,LnpoLJ1PLFM,838678,25347,832
2,쯔양,UCfpaSruWW3S4dibonKXENjA,-kYYmiDGc-Y,2298799,88550,7433
3,쯔양,UCfpaSruWW3S4dibonKXENjA,rilnZ_dW2Hg,1381888,38351,846
4,쯔양,UCfpaSruWW3S4dibonKXENjA,02LzJVZCqt0,2773625,55491,1167
5,쯔양,UCfpaSruWW3S4dibonKXENjA,hM9LGb1vdrc,1194996,30644,674
6,쯔양,UCfpaSruWW3S4dibonKXENjA,v0Uf-GJDDeM,1176348,30180,476
7,쯔양,UCfpaSruWW3S4dibonKXENjA,aQgrA3YISDw,1425693,36925,1787
8,쯔양,UCfpaSruWW3S4dibonKXENjA,9oLhNKQUq-M,1849755,47182,740
9,쯔양,UCfpaSruWW3S4dibonKXENjA,lN9I5uvVA04,2858640,65616,1607
10,쯔양,UCfpaSruWW3S4dibonKXENjA,p4kSz4VJj4Q,1329602,30717,855
11,쯔양,UCfpaSruWW3S4dibonKXENjA,O8ZmCAxLyLI,1073886,23877,541
12,쯔양,UCfpaSruWW3S4dibonKXENjA,oIekVa6OA-8,1659037,38627,696
13,쯔양,UCfpaSruWW3S4dibonKXENjA,JNkmE4CX84E,2291383,51236,920
14,쯔양,UCfpaSruWW3S4dibonKXENjA,tkXHVfZ8noU,1769389,34088,1024
15,쯔양,UCfpaSruWW3S4dibonKXENjA,cHKKRP4aOQw,1638104,32367,785
16,쯔양,UCfpaSruWW3S4dibonKXENjA,bLU28fVWX_s,2477187,57114,825
17,쯔양,UCfpaSruWW3S4dibonKXENjA,snpnv6kBB3U,2020516,48122,849
18,쯔양,UCfpaSruWW3S4dibonKXENjA,ZsJ7y3NSXIM,2642817,57378,1001
19,쯔양,UCfpaSruWW3S4dibonKXENjA,di27zwr6s9I,2108219,41225,736
20,쯔양,UCfpaSruWW3S4dibonKXENjA,Ybz9loB46ew,3166669,69001,936
21,쯔양,UCfpaSruWW3S4dibonKXENjA,WsKuj7jrmMc,1186415,27469,576
22,쯔양,UCfpaSruWW3S4dibonKXENjA,qp5ZhELz-OI,1650279,39262,727
23,쯔양,UCfpaSruWW3S4dibonKXENjA,sdDrR_L_ncQ,3144098,55060,1187
24,쯔양,UCfpaSruWW3S4dibonKXENjA,11MTBs8k15g,816980,14526,332
25,쯔양,UCfpaSruWW3S4dibonKXENjA,mtGRwDtU35E,3253041,66347,1302
26,쯔양,UCfpaSruWW3S4dibonKXENjA,5P9YmF-GjLI,7067833,155667,2717
27,쯔양,UCfpaSruWW3S4dibonKXENjA,czjsOPq0sDc,3541762,65898,1861
28,쯔양,UCfpaSruWW3S4dibonKXENjA,skXGx1pIam8,1679829,42473,697
29,쯔양,UCfpaSruWW3S4dibonKXENjA,MN5cxevTa_M,2497413,57942,1132
30,쯔양,UCfpaSruWW3S4dibonKXENjA,Dzo7cB0MtbI,1180041,30419,598
31,쯔양,UCfpaSruWW3S4dibonKXENjA,WG6E8dCo3sE,4529544,71822,1447
32,쯔양,UCfpaSruWW3S4dibonKXENjA,LNj0S7B5sEY,2017048,41392,882
33,쯔양,UCfpaSruWW3S4dibonKXENjA,zPy7VeF0YSY,1816030,46366,1348
34,쯔양,UCfpaSruWW3S4dibonKXENjA,lhs_QyVeEgs,2291027,43667,727
35,쯔양,UCfpaSruWW3S4dibonKXENjA,enAwNKQDpxM,3397275,75586,1383
36,쯔양,UCfpaSruWW3S4dibonKXENjA,CopqpabihGk,9317219,156591,3262
37,쯔양,UCfpaSruWW3S4dibonKXENjA,LyxdItZU_4I,2156582,51411,1156
38,쯔양,UCfpaSruWW3S4dibonKXENjA,VwdegbFqNaI,1000822,18261,359
39,쯔양,UCfpaSruWW3S4dibonKXENjA,VfNeiJ3ZXzY,2418468,45233,1043
40,쯔양,UCfpaSruWW3S4dibonKXENjA,HvTLbeasXS4,4139038,73517,2098
41,쯔양,UCfpaSruWW3S4dibonKXENjA,HT3oGmsf1xo,2107898,50780,818
42,쯔양,UCfpaSruWW3S4dibonKXENjA,kf1zff2xJuA,1527360,37665,1285
43,쯔양,UCfpaSruWW3S4dibonKXENjA,yupbldBCjE4,1545428,38303,674
44,쯔양,UCfpaSruWW3S4dibonKXENjA,79LHvfqyC_0,3670454,68879,1095
45,쯔양,UCfpaSruWW3S4dibonKXENjA,AAfhrt88mws,2456339,53422,895
46,쯔양,UCfpaSruWW3S4dibonKXENjA,dRO4cbYyNvE,1141569,31232,520
47,쯔양,UCfpaSruWW3S4dibonKXENjA,SVtf7xT5J64,1163816,27666,570
48,쯔양,UCfpaSruWW3S4dibonKXENjA,IYJ9NDTHOPs,1676722,40076,810
49,쯔양,UCfpaSruWW3S4dibonKXENjA,f0CLSz_6LDE,2597130,51980,976
50,햄지,UCPKNKldggioffXPkSmjs5lQ,vtwHpH7d6KY,237641,10733,499
51,햄지,UCPKNKldggioffXPkSmjs5lQ,E8-W4MP8Gc8,64808,3155,41
52,햄지,UCPKNKldggioffXPkSmjs5lQ,HCYbJoSZN-0,256731,8393,126
53,햄지,UCPKNKldggioffXPkSmjs5lQ,gGKR-wFtKvg,1607569,32579,837
54,햄지,UCPKNKldggioffXPkSmjs5lQ,XwaLk8aZwK8,156337,7112,54
55,햄지,UCPKNKldggioffXPkSmjs5lQ,FYdH0R1gv1I,173053,6193,84
56,햄지,UCPKNKldggioffXPkSmjs5lQ,IUrsbGbRUWU,836266,19514,661
57,햄지,UCPKNKldggioffXPkSmjs5lQ,InU4Y0NwdGs,122069,5873,47
58,햄지,UCPKNKldggioffXPkSmjs5lQ,aaJeqXyejnw,2581534,41184,1026
59,햄지,UCPKNKldggioffXPkSmjs5lQ,h2VWeZFEyoE,381206,16481,158
60,햄지,UCPKNKldggioffXPkSmjs5lQ,Xfnd8HwxjZ0,1092393,24068,665
61,햄지,UCPKNKldggioffXPkSmjs5lQ,lUu9u0eBOrc,385021,20572,151
62,햄지,UCPKNKldggioffXPkSmjs5lQ,bMGTKkM_QqY,1937207,35175,744
63,햄지,UCPKNKldggioffXPkSmjs5lQ,pAoCEB2tK60,365691,14991,94
64,햄지,UCPKNKldggioffXPkSmjs5lQ,we8oMmCQ28Q,279306,9712,126
65,햄지,UCPKNKldggioffXPkSmjs5lQ,9vb198_BGhY,1675939,33611,784
66,햄지,UCPKNKldggioffXPkSmjs5lQ,2ns6AD8qSoM,271827,10810,135
67,햄지,UCPKNKldggioffXPkSmjs5lQ,I8fUnf8W0BI,2662678,46906,846
68,햄지,UCPKNKldggioffXPkSmjs5lQ,Ql9s5PMHNbg,195297,7481,69
69,햄지,UCPKNKldggioffXPkSmjs5lQ,XFRgobeAokM,2173984,37194,837
70,햄지,UCPKNKldggioffXPkSmjs5lQ,-4WjP-Q7CWA,238589,9359,59
71,햄지,UCPKNKldggioffXPkSmjs5lQ,dPYREVBmHGg,325828,9391,174
72,햄지,UCPKNKldggioffXPkSmjs5lQ,xs6UVpISs8Q,2530437,41483,824
73,햄지,UCPKNKldggioffXPkSmjs5lQ,gi2-QPJgwQg,199657,8802,77
74,햄지,UCPKNKldggioffXPkSmjs5lQ,M-mB0Nvre70,502973,15734,438
75,햄지,UCPKNKldggioffXPkSmjs5lQ,dsxB9MH3yK8,1783123,34069,1061
76,햄지,UCPKNKldggioffXPkSmjs5lQ,eDkEj5kJdZI,330387,11656,98
77,햄지,UCPKNKldggioffXPkSmjs5lQ,5T068SQoPT4,1593967,32989,743
78,햄지,UCPKNKldggioffXPkSmjs5lQ,iJxOavMMKj0,512840,13651,143
79,햄지,UCPKNKldggioffXPkSmjs5lQ,Fp8yDScdO6I,253482,9410,53
80,햄지,UCPKNKldggioffXPkSmjs5lQ,NmGUe0Jvj3Y,1676261,30070,967
81,햄지,UCPKNKldggioffXPkSmjs5lQ,d3mjPGl0_y4,277873,10628,90
82,햄지,UCPKNKldggioffXPkSmjs5lQ,lMg-fjtU7YM,295268,11055,91
83,햄지,UCPKNKldggioffXPkSmjs5lQ,qh93NlN9ctE,3361356,52330,1209
84,햄지,UCPKNKldggioffXPkSmjs5lQ,h4DwkUVS47Y,300923,8745,101
85,햄지,UCPKNKldggioffXPkSmjs5lQ,xD2W-aOOAl8,1912478,33733,752
86,햄지,UCPKNKldggioffXPkSmjs5lQ,R8p5sdtQX3s,278077,10413,80
87,햄지,UCPKNKldggioffXPkSmjs5lQ,eNo4895h7RA,590372,15917,222
88,햄지,UCPKNKldggioffXPkSmjs5lQ,Hsa70dVugJc,2215763,36500,1173
89,햄지,UCPKNKldggioffXPkSmjs5lQ,ntAiGGeGsms,236150,9192,70
90,햄지,UCPKNKldggioffXPkSmjs5lQ,9LPSHqce5_Q,195015,9217,79
91,햄지,UCPKNKldggioffXPkSmjs5lQ,EKTlTEy-iMk,1838345,30968,841
92,햄지,UCPKNKldggioffXPkSmjs5lQ,50FzaFdyXUY,311958,10822,95
93,햄지,UCPKNKldggioffXPkSmjs5lQ,GXwwyLCTtaY,481316,10332,172
94,햄지,UCPKNKldggioffXPkSmjs5lQ,WdQasO9pSIk,3758509,56036,1158
95,햄지,UCPKNKldggioffXPkSmjs5lQ,or6sJqOzedw,226010,7752,120
96,햄지,UCPKNKldggioffXPkSmjs5lQ,HML3FrfBzQQ,581030,10378,251
97,햄지,UCPKNKldggioffXPkSmjs5lQ,LFVjKiuO7QU,3108350,57767,792
98,햄지,UCPKNKldggioffXPkSmjs5lQ,kyVlqzExnmo,336644,11651,106
99,햄지,UCPKNKldggioffXPkSmjs5lQ,d9LsYYY7nIA,2503667,37512,914
100,문복희,UCoLQZ4ZClFqVPCvvjuiUSRA,_ErfrJ8d6X8,304262,10043,222
101,문복희,UCoLQZ4ZClFqVPCvvjuiUSRA,abMTFLPDYVY,537637,12759,268
102,문복희,UCoLQZ4ZClFqVPCvvjuiUSRA,sEM3UOufBEE,1022737,21010,328
103,문복희,UCoLQZ4ZClFqVPCvvjuiUSRA,oOrjx1z1y3c,751703,17932,350
104,문복희,UCoLQZ4ZClFqVPCvvjuiUSRA,R6BeE_t_jPU,595891,13281,287
105,문복희,UCoLQZ4ZClFqVPCvvjuiUSRA,s9JkLZA1wJ8,758468,16620,282
106,문복희,UCoLQZ4ZClFqVPCvvjuiUSRA,1eV4NBpYNjo,974752,22089,314
107,문복희,UCoLQZ4ZClFqVPCvvjuiUSRA,PbmuNa08Fmo,888131,17839,307
108,문복희,UCoLQZ4ZClFqVPCvvjuiUSRA,uage9-lO1Zw,1267719,24883,463
109,문복희,UCoLQZ4ZClFqVPCvvjuiUSRA,aGJ98dv78JU,734000,15233,265
110,문복희,UCoLQZ4ZClFqVPCvvjuiUSRA,ZkXHTCu-X3s,1415842,28605,391
111,문복희,UCoLQZ4ZClFqVPCvvjuiUSRA,B8j32RGwVaw,810886,17699,254
112,문복희,UCoLQZ4ZClFqVPCvvjuiUSRA,qJw8tuvH-2s,3507416,51457,687
113,문복희,UCoLQZ4ZClFqVPCvvjuiUSRA,sgW9rTUnFJA,2221983,40408,810
114,문복희,UCoLQZ4ZClFqVPCvvjuiUSRA,aXWNqYGyYhQ,1110892,20321,286
115,문복희,UCoLQZ4ZClFqVPCvvjuiUSRA,MD5aVR4TlMo,1342084,25634,326
116,문복희,UCoLQZ4ZClFqVPCvvjuiUSRA,5_mdTnaKz3k,1390959,23658,394
117,문복희,UCoLQZ4ZClFqVPCvvjuiUSRA,eIIT6leWXsI,977225,22130,290
118,문복희,UCoLQZ4ZClFqVPCvvjuiUSRA,PYHJpokI41M,2325747,37158,504
119,문복희,UCoLQZ4ZClFqVPCvvjuiUSRA,uuJmrP2N7pw,1023186,20659,285
120,문복희,UCoLQZ4ZClFqVPCvvjuiUSRA,wEUYciTY6pE,825983,17443,345
121,문복희,UCoLQZ4ZClFqVPCvvjuiUSRA,JZoKPGp943w,1227931,23558,345
122,문복희,UCoLQZ4ZClFqVPCvvjuiUSRA,aH9DePNjZro,1465521,26233,364
123,문복희,UCoLQZ4ZClFqVPCvvjuiUSRA,oomlIdnwrBE,959685,18981,280
124,문복희,UCoLQZ4ZClFqVPCvvjuiUSRA,EJ1hVwcFeZ8,1679561,26834,378
125,문복희,UCoLQZ4ZClFqVPCvvjuiUSRA,mtcRirDnEbI,1691773,28300,355
126,문복희,UCoLQZ4ZClFqVPCvvjuiUSRA,JuSy-zRAUWk,1160627,22287,327
127,문복희,UCoLQZ4ZClFqVPCvvjuiUSRA,_1DelicJ0o8,2312814,45635,506
128,문복희,UCoLQZ4ZClFqVPCvvjuiUSRA,xf0-BvA-ZII,3351598,47572,683
129,문복희,UCoLQZ4ZClFqVPCvvjuiUSRA,j2-ugpH3A4Q,1714184,27530,395
130,문복희,UCoLQZ4ZClFqVPCvvjuiUSRA,fDAf2wjXlaI,1423267,27919,309
131,문복희,UCoLQZ4ZClFqVPCvvjuiUSRA,1JmLvsbBk-U,1605556,26620,334
132,문복희,UCoLQZ4ZClFqVPCvvjuiUSRA,SWCW--YMxdM,961797,20108,330
133,문복희,UCoLQZ4ZClFqVPCvvjuiUSRA,knv1PWcR980,1871697,33984,426
134,문복희,UCoLQZ4ZClFqVPCvvjuiUSRA,jZqBNsCGvaM,1700727,31426,402
135,문복희,UCoLQZ4ZClFqVPCvvjuiUSRA,FRsV7mumThg,1156647,22387,350
136,문복희,UCoLQZ4ZClFqVPCvvjuiUSRA,rc8DpPI91ws,1702427,31666,403
137,문복희,UCoLQZ4ZClFqVPCvvjuiUSRA,KFsMJYqvmJs,3015317,43857,528
138,문복희,UCoLQZ4ZClFqVPCvvjuiUSRA,w9LAUsXKEsY,1113703,20836,293
139,문복희,UCoLQZ4ZClFqVPCvvjuiUSRA,EYtRc1Vwlec,1391983,27263,353
140,문복희,UCoLQZ4ZClFqVPCvvjuiUSRA,WEOl2oZIPv4,2973470,40859,445
141,문복희,UCoLQZ4ZClFqVPCvvjuiUSRA,TcQU2WenRik,1616576,26687,333
142,문복희,UCoLQZ4ZClFqVPCvvjuiUSRA,yMOzH-s0IWk,4891708,75884,681
143,문복희,UCoLQZ4ZClFqVPCvvjuiUSRA,XfuUsH62MXM,1053807,21230,399
144,문복희,UCoLQZ4ZClFqVPCvvjuiUSRA,ueR7jhXoVow,2837337,49660,528
145,문복희,UCoLQZ4ZClFqVPCvvjuiUSRA,oxDh_kN60D0,692655,15731,354
146,문복희,UCoLQZ4ZClFqVPCvvjuiUSRA,nSItwrY59qA,2821161,51395,572
147,문복희,UCoLQZ4ZClFqVPCvvjuiUSRA,RlEbD3uf4Fg,1378890,23544,349
148,문복희,UCoLQZ4ZClFqVPCvvjuiUSRA,dNq3XtTHkc4,2180086,38060,537
149,문복희,UCoLQZ4ZClFqVPCvvjuiUSRA,AgjL_KQZLsM,1115681,21953,491
150,제인,UC2fsxQr6Hcx1enORxXgKpxQ,1SmyVCmoRD8,13560,898,113
151,제인,UC2fsxQr6Hcx1enORxXgKpxQ,rmRx0CBU86s,19681,844,10
152,제인,UC2fsxQr6Hcx1enORxXgKpxQ,DTkT6ToYwgc,78278,2869,189
153,제인,UC2fsxQr6Hcx1enORxXgKpxQ,vGwKEwyfJv4,53098,1631,12
154,제인,UC2fsxQr6Hcx1enORxXgKpxQ,_QkYkC11IN0,96352,2372,163
155,제인,UC2fsxQr6Hcx1enORxXgKpxQ,FoWsnfq56kc,80349,2453,21
156,제인,UC2fsxQr6Hcx1enORxXgKpxQ,ObeN7fpWXMs,110007,2143,162
157,제인,UC2fsxQr6Hcx1enORxXgKpxQ,qX2JEh2DGGI,218379,4922,25
158,제인,UC2fsxQr6Hcx1enORxXgKpxQ,pjRhtWsAWAk,114287,3546,316
159,제인,UC2fsxQr6Hcx1enORxXgKpxQ,Wts-ngIB1Qc,73934,2179,19
160,제인,UC2fsxQr6Hcx1enORxXgKpxQ,MT83_Ud1sTw,118174,2284,160
161,제인,UC2fsxQr6Hcx1enORxXgKpxQ,JD3FUlAKFJM,115081,3915,30
162,제인,UC2fsxQr6Hcx1enORxXgKpxQ,31nPbRPgD0o,229523,2876,180
163,제인,UC2fsxQr6Hcx1enORxXgKpxQ,1rP1iacmYTo,79292,2582,19
164,제인,UC2fsxQr6Hcx1enORxXgKpxQ,qlw7F-HcXf4,117629,2625,211
165,제인,UC2fsxQr6Hcx1enORxXgKpxQ,q16UnuQcIMo,119217,3635,33
166,제인,UC2fsxQr6Hcx1enORxXgKpxQ,HV_42qdVhTY,179078,4690,315
167,제인,UC2fsxQr6Hcx1enORxXgKpxQ,zresO7A8Zeo,116920,2845,25
168,제인,UC2fsxQr6Hcx1enORxXgKpxQ,aQ7BNtT0WTk,181054,3649,240
169,제인,UC2fsxQr6Hcx1enORxXgKpxQ,txmdWOlXgK4,111715,3518,26
170,제인,UC2fsxQr6Hcx1enORxXgKpxQ,EA_7Pz5zLkU,165356,3208,189
171,제인,UC2fsxQr6Hcx1enORxXgKpxQ,sJy2TnpK8wg,96299,3265,21
172,제인,UC2fsxQr6Hcx1enORxXgKpxQ,mExTolXRosc,170133,3308,199
173,제인,UC2fsxQr6Hcx1enORxXgKpxQ,Ii13i3IVMNI,383285,8743,36
174,제인,UC2fsxQr6Hcx1enORxXgKpxQ,2KUmM0892T4,214441,2550,187
175,제인,UC2fsxQr6Hcx1enORxXgKpxQ,yp7qptTjESg,119461,3297,15
176,제인,UC2fsxQr6Hcx1enORxXgKpxQ,aAq_VYuGEjE,194809,4243,281
177,제인,UC2fsxQr6Hcx1enORxXgKpxQ,wfKedPAHzx0,93688,3077,27
178,제인,UC2fsxQr6Hcx1enORxXgKpxQ,-_4p1vf_WEo,159584,3527,187
179,제인,UC2fsxQr6Hcx1enORxXgKpxQ,4jLS3CwJXT0,130738,4150,24
180,제인,UC2fsxQr6Hcx1enORxXgKpxQ,xbAIhgciY7I,103401,2890,19
181,제인,UC2fsxQr6Hcx1enORxXgKpxQ,eZ2Sq5eJUKM,89206,2906,21
182,제인,UC2fsxQr6Hcx1enORxXgKpxQ,CjIYV827Fbk,954467,18275,30
183,제인,UC2fsxQr6Hcx1enORxXgKpxQ,XWxd_r6cusQ,230181,6810,25
184,제인,UC2fsxQr6Hcx1enORxXgKpxQ,0tomBCAUwnI,100259,3151,31
185,제인,UC2fsxQr6Hcx1enORxXgKpxQ,gjdydqUgs4g,78932,2521,15
186,제인,UC2fsxQr6Hcx1enORxXgKpxQ,elkLZMN6Pr8,84435,2907,20
187,제인,UC2fsxQr6Hcx1enORxXgKpxQ,xqFiFlSxhow,78379,2646,19
188,제인,UC2fsxQr6Hcx1enORxXgKpxQ,AuOk4ZmjcYs,68166,2355,17
189,제인,UC2fsxQr6Hcx1enORxXgKpxQ,G99EmiWzgGw,68052,2512,25
190,제인,UC2fsxQr6Hcx1enORxXgKpxQ,7bdjz_D79jY,247705,3055,211
191,제인,UC2fsxQr6Hcx1enORxXgKpxQ,l804ENzdscs,111042,3009,16
192,제인,UC2fsxQr6Hcx1enORxXgKpxQ,3TErNiVcMqM,124556,3426,22
193,제인,UC2fsxQr6Hcx1enORxXgKpxQ,gB_ey00tTl8,60892,1987,10
194,제인,UC2fsxQr6Hcx1enORxXgKpxQ,rWLY_OUb-ac,210937,3778,252
195,제인,UC2fsxQr6Hcx1enORxXgKpxQ,H17w70ixijM,223917,5189,24
196,제인,UC2fsxQr6Hcx1enORxXgKpxQ,yfuQaZc-NFU,122725,3507,32
197,제인,UC2fsxQr6Hcx1enORxXgKpxQ,Qf2FhDNDP0I,74623,2369,17
198,제인,UC2fsxQr6Hcx1enORxXgKpxQ,_9R3b9afjA4,101834,3073,18
199,제인,UC2fsxQr6Hcx1enORxXgKpxQ,dpN0BjzqIkw,66668,1991,18
200,입짧은햇님,UC-Bsa2ivAGWq7bsSPrPGFVA,hjVEFgmdNQA,58434,1056,52
201,입짧은햇님,UC-Bsa2ivAGWq7bsSPrPGFVA,tfqew7S-CBQ,203698,3478,138
202,입짧은햇님,UC-Bsa2ivAGWq7bsSPrPGFVA,LRTmQCFghUs,111219,2326,747
203,입짧은햇님,UC-Bsa2ivAGWq7bsSPrPGFVA,oIZlgjNNnLU,76196,1172,69
204,입짧은햇님,UC-Bsa2ivAGWq7bsSPrPGFVA,pwHZWNLpC8I,73802,1221,50
205,입짧은햇님,UC-Bsa2ivAGWq7bsSPrPGFVA,lqsStHqJ8fo,99516,1417,75
206,입짧은햇님,UC-Bsa2ivAGWq7bsSPrPGFVA,ihsrlvhJnEA,97802,1449,60
207,입짧은햇님,UC-Bsa2ivAGWq7bsSPrPGFVA,qv4DYGFPlCQ,109836,1617,46
208,입짧은햇님,UC-Bsa2ivAGWq7bsSPrPGFVA,V77GkPW3eFU,92982,1604,90
209,입짧은햇님,UC-Bsa2ivAGWq7bsSPrPGFVA,rb0pQAJIBGI,176119,3684,143
210,입짧은햇님,UC-Bsa2ivAGWq7bsSPrPGFVA,HeNz7DQFZrU,230238,3172,164
211,입짧은햇님,UC-Bsa2ivAGWq7bsSPrPGFVA,sdq0IXQ1b34,161139,2202,111
212,입짧은햇님,UC-Bsa2ivAGWq7bsSPrPGFVA,BIyq8Wk4lhg,405860,9799,316
213,입짧은햇님,UC-Bsa2ivAGWq7bsSPrPGFVA,TrrIKJ1KWG4,58392,2579,42
214,입짧은햇님,UC-Bsa2ivAGWq7bsSPrPGFVA,IL5g9sKbKlo,235555,4583,118
215,입짧은햇님,UC-Bsa2ivAGWq7bsSPrPGFVA,ehx9BmYOhFo,75628,1107,39
216,입짧은햇님,UC-Bsa2ivAGWq7bsSPrPGFVA,erIob1x5kao,261819,2963,119
217,입짧은햇님,UC-Bsa2ivAGWq7bsSPrPGFVA,M4d_1lIxzp4,212378,3319,135
218,입짧은햇님,UC-Bsa2ivAGWq7bsSPrPGFVA,5Md-j14AAuY,366267,9799,745
219,입짧은햇님,UC-Bsa2ivAGWq7bsSPrPGFVA,KEgfVTS7ftQ,316630,6298,364
220,입짧은햇님,UC-Bsa2ivAGWq7bsSPrPGFVA,zQjsXSvzJYE,173256,1778,57
221,입짧은햇님,UC-Bsa2ivAGWq7bsSPrPGFVA,JQtlnfhT8Jc,105868,1602,53
222,입짧은햇님,UC-Bsa2ivAGWq7bsSPrPGFVA,f9AS97UOjAk,125490,1513,36
223,입짧은햇님,UC-Bsa2ivAGWq7bsSPrPGFVA,yzJgXJDzvA8,202833,2350,67
224,입짧은햇님,UC-Bsa2ivAGWq7bsSPrPGFVA,KMH7-p18DGk,719205,13958,79
225,입짧은햇님,UC-Bsa2ivAGWq7bsSPrPGFVA,kZrgDdyphRM,110045,1486,77
226,입짧은햇님,UC-Bsa2ivAGWq7bsSPrPGFVA,PIjurA7dH3c,239969,2592,86
227,입짧은햇님,UC-Bsa2ivAGWq7bsSPrPGFVA,28HcjPp0K6s,107302,2134,54
228,입짧은햇님,UC-Bsa2ivAGWq7bsSPrPGFVA,smpLmDHCuag,76407,983,22
229,입짧은햇님,UC-Bsa2ivAGWq7bsSPrPGFVA,H6a_KZdidPA,313102,4507,148
230,입짧은햇님,UC-Bsa2ivAGWq7bsSPrPGFVA,21xvHxoZLvY,133742,2063,97
231,입짧은햇님,UC-Bsa2ivAGWq7bsSPrPGFVA,1FkMVsV5uL8,94816,1322,50
232,입짧은햇님,UC-Bsa2ivAGWq7bsSPrPGFVA,V73OHV6cMWw,189645,2138,87
233,입짧은햇님,UC-Bsa2ivAGWq7bsSPrPGFVA,oHtpcr82I2A,1028090,19559,167
234,입짧은햇님,UC-Bsa2ivAGWq7bsSPrPGFVA,UdXBVpUHu-I,55262,800,32
235,입짧은햇님,UC-Bsa2ivAGWq7bsSPrPGFVA,wvRqK4zr99o,131064,1514,51
236,입짧은햇님,UC-Bsa2ivAGWq7bsSPrPGFVA,jonfxqJieig,60377,845,42
237,입짧은햇님,UC-Bsa2ivAGWq7bsSPrPGFVA,XQStxkzb2aI,84782,1404,46
238,입짧은햇님,UC-Bsa2ivAGWq7bsSPrPGFVA,M7QhE2zLqys,80617,1086,34
239,입짧은햇님,UC-Bsa2ivAGWq7bsSPrPGFVA,aUCy7UHU9Vc,519841,7915,101
240,입짧은햇님,UC-Bsa2ivAGWq7bsSPrPGFVA,rk7mRSIihwY,134128,1541,59
241,입짧은햇님,UC-Bsa2ivAGWq7bsSPrPGFVA,IoXVwqAONGs,86889,1198,54
242,입짧은햇님,UC-Bsa2ivAGWq7bsSPrPGFVA,w95gbaDxiXw,88126,1175,35
243,입짧은햇님,UC-Bsa2ivAGWq7bsSPrPGFVA,KtJkxsTYw00,134435,1575,66
244,입짧은햇님,UC-Bsa2ivAGWq7bsSPrPGFVA,LFBO0rwR1cw,244458,3945,155
245,입짧은햇님,UC-Bsa2ivAGWq7bsSPrPGFVA,eb7ts_pWNUw,112133,1340,82
246,입짧은햇님,UC-Bsa2ivAGWq7bsSPrPGFVA,N5JA124p-oY,157886,1989,83
247,입짧은햇님,UC-Bsa2ivAGWq7bsSPrPGFVA,ctY0lWAmrDs,76838,1323,60
248,입짧은햇님,UC-Bsa2ivAGWq7bsSPrPGFVA,8UyGdrK49CE,791665,11605,41
249,입짧은햇님,UC-Bsa2ivAGWq7bsSPrPGFVA,4ADOq8otIow,86978,1126,28
250,이공삼,UC2B5onlYkZ7IaVekR9yIB6w,jl826LaDu9w,33460,3238,127
251,이공삼,UC2B5onlYkZ7IaVekR9yIB6w,U1G7dd_BTcs,237422,9459,244
252,이공삼,UC2B5onlYkZ7IaVekR9yIB6w,xSmt5Z37kjg,483565,12385,283
253,이공삼,UC2B5onlYkZ7IaVekR9yIB6w,kmmlfJhY2ds,732304,16360,338
254,이공삼,UC2B5onlYkZ7IaVekR9yIB6w,wgJTsxYav8E,674510,15227,281
255,이공삼,UC2B5onlYkZ7IaVekR9yIB6w,CtyFXQ00md4,424645,11524,268
256,이공삼,UC2B5onlYkZ7IaVekR9yIB6w,7yRLbTYy5Yk,946406,18657,439
257,이공삼,UC2B5onlYkZ7IaVekR9yIB6w,KCsz5yjdAOQ,276190,16714,1117
258,이공삼,UC2B5onlYkZ7IaVekR9yIB6w,dYlbEzoVdoI,839728,17727,376
259,이공삼,UC2B5onlYkZ7IaVekR9yIB6w,mTQYUUq5Jyw,428185,10950,261
260,이공삼,UC2B5onlYkZ7IaVekR9yIB6w,FMzez6K101Y,471473,11912,270
261,이공삼,UC2B5onlYkZ7IaVekR9yIB6w,NcUIwDA483A,607666,15116,286
262,이공삼,UC2B5onlYkZ7IaVekR9yIB6w,vivhzDTSJdM,1207689,21107,409
263,이공삼,UC2B5onlYkZ7IaVekR9yIB6w,LrZA076YINs,1306492,24280,491
264,이공삼,UC2B5onlYkZ7IaVekR9yIB6w,Ehp9QzOtDWc,577017,14212,368
265,이공삼,UC2B5onlYkZ7IaVekR9yIB6w,qy4YdJ06Ogc,2026911,24810,718
266,이공삼,UC2B5onlYkZ7IaVekR9yIB6w,H8LdjOSd6Vs,605894,14121,421
267,이공삼,UC2B5onlYkZ7IaVekR9yIB6w,fjTgg9YVNps,1433740,26602,627
268,이공삼,UC2B5onlYkZ7IaVekR9yIB6w,5orcHtmRZFg,655594,14684,488
269,이공삼,UC2B5onlYkZ7IaVekR9yIB6w,NdQjOvbROiA,1731012,30268,916
270,이공삼,UC2B5onlYkZ7IaVekR9yIB6w,RYYUIf3L-3s,857314,17294,393
271,이공삼,UC2B5onlYkZ7IaVekR9yIB6w,MGQVs2_3n5o,662363,15190,283
272,이공삼,UC2B5onlYkZ7IaVekR9yIB6w,psMbc7lTsMc,3968377,55701,1171
273,이공삼,UC2B5onlYkZ7IaVekR9yIB6w,feg5gdfDFUE,928608,18673,350
274,이공삼,UC2B5onlYkZ7IaVekR9yIB6w,uvq7yBNP08w,914329,19117,361
275,이공삼,UC2B5onlYkZ7IaVekR9yIB6w,5s9dzP8-CjE,1472074,26067,450
276,이공삼,UC2B5onlYkZ7IaVekR9yIB6w,htibbQ_yQVI,746090,16546,308
277,이공삼,UC2B5onlYkZ7IaVekR9yIB6w,oZI5u7HfDhk,908326,18729,356
278,이공삼,UC2B5onlYkZ7IaVekR9yIB6w,ZoB3BajVdb4,1813726,28874,435
279,이공삼,UC2B5onlYkZ7IaVekR9yIB6w,tSqj6wdCsug,1342878,20961,360
280,이공삼,UC2B5onlYkZ7IaVekR9yIB6w,YBXl0NsMVKE,626475,14629,329
281,이공삼,UC2B5onlYkZ7IaVekR9yIB6w,PO5yYArP53w,556198,15082,326
282,이공삼,UC2B5onlYkZ7IaVekR9yIB6w,zQrRwuZQGp0,2410028,35827,534
283,이공삼,UC2B5onlYkZ7IaVekR9yIB6w,OBMuQ4HgURQ,421408,11946,241
284,이공삼,UC2B5onlYkZ7IaVekR9yIB6w,_VR_Aqg7i74,677879,16024,247
285,이공삼,UC2B5onlYkZ7IaVekR9yIB6w,XEMijir4xjY,1093919,21910,380
286,이공삼,UC2B5onlYkZ7IaVekR9yIB6w,_OQrI1dCzfA,768974,15962,302
287,이공삼,UC2B5onlYkZ7IaVekR9yIB6w,weMwE098DU0,392501,23544,90
288,이공삼,UC2B5onlYkZ7IaVekR9yIB6w,wJn02ZVrSTM,867304,14684,296
289,이공삼,UC2B5onlYkZ7IaVekR9yIB6w,N_snJrapko4,198972,11570,56
290,이공삼,UC2B5onlYkZ7IaVekR9yIB6w,fddOReOa7oE,3001502,26356,714
291,이공삼,UC2B5onlYkZ7IaVekR9yIB6w,lPJUX-_DIm0,222555,12062,44
292,이공삼,UC2B5onlYkZ7IaVekR9yIB6w,zSMa2ZqmHWU,886230,20208,370
293,이공삼,UC2B5onlYkZ7IaVekR9yIB6w,Dq5sOvXQ-4M,448741,33424,96
294,이공삼,UC2B5onlYkZ7IaVekR9yIB6w,RteA5Pahs9o,872425,19973,347
295,이공삼,UC2B5onlYkZ7IaVekR9yIB6w,zXT4cCqMtkw,165625,9131,37
296,이공삼,UC2B5onlYkZ7IaVekR9yIB6w,Ga6Uu00JNC4,8324330,85508,1811
297,이공삼,UC2B5onlYkZ7IaVekR9yIB6w,JHDZkGfecyc,189094,10955,41
298,이공삼,UC2B5onlYkZ7IaVekR9yIB6w,EfYpmttEyPw,1032508,20344,328
299,이공삼,UC2B5onlYkZ7IaVekR9yIB6w,2E5ebdVWfzM,395057,21681,53
